,name,time,tweet
0,Ibrahim,11/13/2019 23:17,"Don‚Äôt worry beneficiaries we are still working on your stipend, u will soon receive your stipend. Thanks from Npower"
1,Becky,11/13/2019 23:02,Never in my 27 years have I been more disgusted in a company _ng   shambles of a company should be ashamed
2,Itz_BigFredDilly,11/13/2019 22:28,Why is N-Power still holding or delaying their beneficiaries their stipends till this date...?? That‚Äôs not fair at all. This is really nit goo
3,milano,11/13/2019 22:28,N-Power To advocate can come with mannerism
4,Yemi Franklin,11/13/2019 22:22,"Who then advocates for the N-Power beneficiaries?

Or, who should it be?"
5,Khalid,11/13/2019 21:45,i never wanted to say I'm dissapointed in N-Power delay of the payment of  October stipend‚Ä¶
6,"Gualo, Confidence",11/13/2019 21:29,"N-Power Pls what is happening to our October 2019 Stipend.

Why the long delay and zero motivation"
7,usman mohammed,11/13/2019 21:29,Yeah. .. we cannot work without this stipend
8,Com.Abdallah Iko-Ojo Ismail,11/13/2019 20:57,N-Power No more alawee
9,AbuAmor_AB,11/13/2019 20:18,N-Power acquired from the training center.
10,AbuAmor_AB,11/13/2019 20:18,letter of industrial attachment from N-Power ( like undergraduate IT / SIWES letter) is to enable us develop further the skills we have
11,AbuAmor_AB,11/13/2019 20:17,I am a beneficiary of the 19th Northern states Npower Tech Software program currently on. I want to plead with FG to give us our  stipends
12,malom alade femni,11/13/2019 19:42,"N-Power, How will I register ,
October  salary is not available and this is not good in anyway pls sir"
13,Ekun Peter,11/13/2019 19:32,"N-Power Please, what is responsible for the delay of our stipend?"
14,Kasim Suleiman,11/13/2019 19:14,"No stipend, Npower beneficiaries in dark, today is 13th of November, Oct stipend still hanging, we are suffering here oh"
15,Uzairu Mukhtar,11/13/2019 18:36,N-Power Pay October stipend this is not fair
16,Kasim Suleiman,11/13/2019 18:35,"Good day Ma, today 13th November, October stipend yet to be paid to npower beneficiaries. Many depend on this salaries and yet it is not working"
17,Kamal makama,11/13/2019 18:24,"N-Power  You are using our stipend for gaining bank interest, we will continue criticism unless presidency is aware of negative attitude"
18,daddymi,11/13/2019 18:17,"_ng Good evening, please, When are we getting our October stipends? On a serious note, It's getting unbearable."
19,muhamad shakur aliyu,11/13/2019 18:01, _ng They have not finished with applicants on their list yet
20,Professional Agronomist,11/13/2019 17:58,"Dear   .

Kindly investigate the activities of N-Power under  today been 13 November. There is a delay in the payment of our stipends"
21,OJ. Yahaya #SDGsüí¶üåçüíßüèû,11/13/2019 17:53,"As a teacher I don't just teach I do play during the break hours too, that's a way of relaxing my brain from all these stress"
22,Abulfathi Ibrahim ,11/13/2019 17:47,N-Power The one thing this government and the previous one shared in common is still corruption and fake promises
23,Alamutu Azeez,11/13/2019 17:32,N-Power The late payment of the allowance of the beneficiaries of this scheme is depicting the essence of its essence
24,sammy adams,11/13/2019 17:21,N-Power is the portal open for application?
25,usman kayode,11/13/2019 16:54,"N-Power Just tell us if there is no Npower again, why raising hopes when you know the real deal is not working somentimes. Message alert üö®‚Ä¶"
26,Solihu Luqman Akeem,11/13/2019 16:48,N-Power The scheme should be opened for new recruitee
27,Hassan Omar Bulama,11/13/2019 15:52,N-Power where is the camera man standing please or is lying down üòï...
28,Costus spectabilis,11/13/2019 15:47,interior of N-Power    ‚Ä¶
29,BIU EMIRATE YOUTH FORUM,11/13/2019 15:34,"N-Power good day to all team worker,I just want confirm about the device collection of batch B.And pls what happening to my batch"
30,Oseni azeez opeyemi,11/13/2019 15:34,N-Power has forgotten about that bro.
31,Oseni azeez opeyemi,11/13/2019 15:32,N-Power why are you delaying the stipend now. People depends so much on this.
32,O. J. OKORIE,11/13/2019 15:22,The truth is that N-Power can't be predicted. It is unstable
33,Costus spectabilis,11/13/2019 15:21,"N-Power is trying, let give them more time"
34,Datjosboy,11/13/2019 15:19,N-Power HOW DID YOU GET HERE
35,Chizoba obonna,11/13/2019 15:18,"N-Power, I requested for resignation but nothing has been done till now why?"
36,Ezekiel Agboola,11/13/2019 14:56,"N-Power Pls respond to the npower volunteers today, to release their October stipends.
Today is November 13th...‚Ä¶"
37,Jamilu Isiya,11/13/2019 14:40,"N-Power That is the deal's, and made it."
38,Olojede Olayinka R,11/13/2019 14:37,N-Power today is the 13th day of the month ...where is the stipends ?
39,muhamad shakur aliyu,11/13/2019 14:26,"N-Power am am tired of waiting, please where is our stipend"
40,Osun Reporters,11/13/2019 14:13,N-POWER: House of Reps begins investigation of arbitrary disengagement of beneficiaries (must read)
41,Muhammad Abba Gana,11/13/2019 14:05,"A clone of Remita login page
 NpowerTech class6"
42,Shamsiddeen Haruna J,11/13/2019 13:19,"I'd rather be suffered from poverty than from such an irritating expectations, I'll exit this inconvenient, tricky programme"
43,,11/13/2019 13:15,N-POWER where is Our stipend ?
44,klef,11/13/2019 12:36,N-POWER is Jostified‚Ä¶
45,klef,11/13/2019 12:31,Director of N-POWER: and the Commissioner of science and technology of Plateau State visited  NpowerTech (plateau‚Ä¶
46,priscashuga,11/13/2019 12:27,Why haven't you paid stipends N-POWER this is so disheartening
47,AliyusT waziri,11/13/2019 12:20,N-POWER This is Injustice please pay our stipendsüò≠
48,J.T.A.,11/13/2019 11:43,N-POWER Shut up and pay our stipends
49,Apeyuan Emmanuel,11/13/2019 11:41,N-POWER What a country
50,Bolarinwa Kabir,11/13/2019 11:20,"N-POWER What is delaying the October Stipend for the npower beneficiaries, November is almost half already,‚Ä¶"
51,Adetoro Adebola,11/13/2019 11:06,N-POWER we beg in the name of God pls pay our October stipend. it is heart breaking
52,Oyediran Fisayo,11/13/2019 11:04,N-POWER Mr Afolabi Imokhude tell whoever in charge to pay our stipend. Npower use to transparent but not now
53,Oyediran Fisayo,11/13/2019 10:56,"N-POWER Today is the 13th day of November yet October stipend have not been paid for goodness sake, we are not treated fairly"
54,Tarnongu Peter,11/13/2019 10:54,N-POWER  Did N-power website is open now for new employment?
55,WHY‚öΩÔ∏è‚öΩÔ∏è‚öΩÔ∏è‚öΩÔ∏è‚öΩÔ∏è,11/13/2019 10:49,This Npower is a useless empowerment where the beneficiary get to beg for their stipend every month. It is very useless
56,Wiseurch,11/13/2019 10:48,"N-POWER Can u please tell us why our stipends is being delayed, this is crazy"
57,Smile More,11/13/2019 10:36,"N-power talk to us what's happening üì¢üì¢üì¢...
üéôÔ∏è...why the delay in payment. please pay us"
58,adama umar,11/13/2019 10:26,"Good morning N-POWER am one of the beneficiary of N-BUILD up skilling program in kogi state,we hv not been paid by now"
59,Hardeeboitweet,11/13/2019 10:14,N-POWER pls what's the available Npower programme that I can apply?
60,Social Investment - NGR,11/13/2019 9:51,"To keep up with what the  is doing in Social Investments, a reminder of our programme handles -‚Ä¶ "
61,adeda,11/13/2019 9:46,"Natimi Philomena, one of the _ng Software Development Training Program (Southern region), talks about the oppurtunity in software industry"
62,Itz_BigFredDilly,11/13/2019 9:39,N-POWER it has come to our notice that we are not going to get our stipends. Today‚Äôs date is 24th October 2019. it is disheartening...
63,EKITIKAN,11/13/2019 9:36,"CCT: for the poorest of the poor
 : (_Moni MarketMoni, FarmerMONi) for Petty traders, MSMEs owners‚Ä¶ "
64,EKITIKAN,11/13/2019 9:36,"NSIP: The largest social investment programme in the whole of Africa (CCT,  (_Moni MarketMoni,‚Ä¶ "
65,zayd abdullah,11/13/2019 9:17,N-POWER has Retarded in thoughts.
66,Uzairu Y Sunkuye,11/13/2019 9:10,N-POWER Pls our Stipend
67,fadahunsi victor oluwafemi,11/13/2019 9:03,N-POWER Good morning sir/ma please what is happening to our stipend. Why is it delayed
68,007BAMI,11/13/2019 8:55,N-POWER why haven't we been  paid our October stipend by now NOV 13 this is unjust. and unfair
69,Richie,11/13/2019 8:41,N-POWER why not give us update on October salary and reason for the delay. Are you waiting for us to protest before‚Ä¶
70,aladelokun jimlas,11/13/2019 8:09,"N-POWER How many people can afford to give 10k every month, if that was that easy"
71,Lazy Fucker,11/13/2019 8:02,N Power beneficiaries initially thought things will be better as N-POWER is moved under but the delayed is now overwhelming
72,Noreaga,11/13/2019 7:44,Good morning _ng am trying to choose my transition program but its not coming up. Whats wrong please?
73,#ThursdayThoughts,11/13/2019 7:38,Hi Please is npower recruiting now
74,Salaudeen Hussain J.,11/13/2019 7:30,"N-POWER Thanks. Please, I cannot find any npower- transition on my dashboard/profile since more than a week I ha‚Ä¶"
75,OJ. Yahaya #SDGsüí¶üåçüíßüèû,11/13/2019 6:37,N-POWER You have right to your own opinion don't dwell too  much on mine causing yourself unnecessary‚Ä¶
76,Marshall,11/13/2019 6:27,N-POWER please improve in the management of this programme
77,Otunba Femi (Omo Baba Agbonmagbe),11/13/2019 6:13,"N-POWER See their faces. Hungry youths, they will come to twitter to cry wolf"
78,Joshua ano,11/13/2019 6:04,N-POWER Please pay us before we die ooo
79,THIS WORLD IS VANITY!!!,11/13/2019 5:51,"N-POWER, this is crazy, why are we not paid self"
80,PSY COMMUNITY,11/13/2019 5:34,N-POWER Bullshit. I wonder your yardstick for performance. I‚Ä¶
81,AREN OGHENEVWOKE,11/13/2019 4:55,N-POWER THEY WILL CALL IT HATE SPEECH BUT WHAT YOU SAID IS THE TRUTH.  I STAND IN SOLIDARTITY WITH N-POWER VOLUNTEERS
82,Ryhannah 2010,11/13/2019 1:55,"N-POWER You people have diverted our stipend, for your own selfish gain. There is God oooo today is 13th day of November"
83,Egunlusi Olumide,11/13/2019 0:30,"N-POWER,  Lagos state is smarter than you so don't act smart"
84,Good vibes pot,11/12/2019 22:07,"N-POWER, Is it so bad that you people are delaying the stipend .  30 k is not huge and we stress ourselves in the process"
85,Joshua ano,11/12/2019 21:27,"N-POWER, You're not helping but killing us with this delay of stipend"
86,Akinbile Oyewumi S,11/12/2019 21:27,"N-POWER good evening handlers at npower_ng, I hope we deserve a tweet as touching last month stipend. Please tweet about it until it reaches them"
87,Calyb U.,11/12/2019 20:28,"N-POWER, the only reason to press the exit button on my dashboard is to fund my account with N500,000 to boost my‚Ä¶"
88,NPOWER ENHANCEMENT (THEY CALL IT),11/12/2019 20:20,"Alongside my fellow npower volunteers, we've served our various states at different levels for 3 years, yet we are not paid when due. it is really unfair"
89,Boyon zacchaeus,11/12/2019 20:15,Fine you volunteered no one is disputing that. But you have to behave well
90,yahaya kana,11/12/2019 19:37,It seems payment happen mostly in Islamic festive and never happen once for the Christian's fact
91,yahaya kana,11/12/2019 19:36,I support this fact Chairman  it's happen 3 consecutive time this year. This is very unfair
92,yahaya kana,11/12/2019 19:34,Wait and see what will happen in christmas day the will pay on 20th mark this day....
93,yahaya kana,11/12/2019 19:33,that is  well said. but yet this is not fair
94,yahaya kana,11/12/2019 19:32,"Since I start working with npower batch B. the never favour Muslims brothers, when it comes to stipend"
95,ubaidu yau,11/12/2019 19:27,"Hi,¬†Ubaidu¬†Yau
Congratulations! You have been successfull
I'm from kano
I'm not hear from anyone about a training"
96,onoja patrick,11/12/2019 19:18,"N-POWER, Stop being nepotism. When Afolabi was there, everything was going smoothly. Now it is in the state of despair"
97,Sena,11/12/2019 18:59,It's federal package but they send candidate to school close to‚Ä¶
98,IMRAN_Basheer,11/12/2019 18:36,"With this recurrence, we can rightly say  &amp;  are aware of the continuous delay of payment of‚Ä¶ "
99,sunshinefortune,11/12/2019 18:26,Is Nteach  teaching in a federal state own schools?
100,COOPERATIVE AGENTSüî¥üî¥üî¥,11/12/2019 18:07,Chai Corruption everywhere
101,TheCable,11/12/2019 18:02,. probe ‚Äòcorruption in N-POWER
102,Rolinstone,11/12/2019 17:38,I wish them a happy celebration
103,·ªåm·ªçt·ªçsh·ªç ·π£√©√π≈Ñ,11/12/2019 16:50,N-POWER  please when should the beneficiaries be expecting their pay for October? Because things are getting worse
104,Abdulbasid Usman,11/12/2019 16:39,N-POWER pls what happened to our October stipend?
105,O. J. OKORIE,11/12/2019 16:36," 1 16 _ytk _ng Thanks bro. 
Our maturity should be to this level"
106,MODEREYüá≥üá¨‚Ñ¢,11/12/2019 16:23,"N-POWER I will like to know why is the delay of paying monthly stipend to N-power beneficiary ,N-Build to be precise"
107,BokoHaramSurvivor,11/12/2019 16:09,This N-POWER has to improve. it is poorly manage
108,Casle14,11/12/2019 15:48,N-POWER The most shameless people
109,Vincent Adeka,11/12/2019 15:47,N-POWER please any info regarding October stipend? We have gone bankrupt
110,Ayodele Johnson üåº,11/12/2019 15:46,"please kindly pay October stipend of N-POWER beneficiaries, we are hungry‚Ä¶"
111,Legit.ng,11/12/2019 15:39,"The N-POWER consists of the N-Teach, N-Agro, N-Tech, N-Build and N-Creativity programmes."
112,Grace Ati,11/12/2019 15:11,N-POWER Nigeria Truly amazing!
113,muhamad shakur aliyu,11/12/2019 15:08,"If Gaddafi of Libya was killed by his people, who is N-POWER.
Keep the good work n-power team only God can pay u."
114,muhamad shakur aliyu,11/12/2019 15:06,Just 30k and we are crying and begging N-POWER for it
115,OJ. Yahaya #SDGsüí¶üåçüíßüèû,11/12/2019 14:52,"We all get excited when its school closing hour, tomorrow is another day of learning and imparting knowledge. Teach‚Ä¶ "
116,Just Event online Publication,11/12/2019 14:42,"No exit date yet for first batch of N-Power _ng beneficiaries -FG

Justice Bibiye, Communications Manager, N‚Ä¶ "
117,Aliyu Ibrahim,11/12/2019 14:24,"_ng Thank you -power for 
your concerns we are really appreciate God bless Nigeria and God bless N-power team"
118,sani adamu,11/12/2019 13:55,_ng how can we celebrate without money me I even hide myself in the room I can't go anywhere to celebrate money on my pocket
119,Jack Obinyan-Buhari üá≥üá¨,11/12/2019 13:52,"Guess who I just bumped into at Alaghodaro2019, no other than 37 one of the gurus behind _ng,‚Ä¶ "
120,Florence Edogun,11/12/2019 13:30,"25 _ng   In fact eh, we are getting of this delay in stipend"
121,Dark One,11/12/2019 13:18,_ng pay stipend. Stop advertising nonsense.  should not take the Nigerian youths for granted after winning election.
122,Dark One,11/12/2019 13:16,_ng is _ng still under  or now under the MinistryofHumanitarian services? The delay in‚Ä¶ 
123,Mary Ileleji,11/12/2019 13:11,_ng Delay is not denial..stop the hate speech on n- power..did they do bad by putting you on the program to‚Ä¶ 
124,Sunday Ogo,11/12/2019 12:52,    _JAGs    _akin1‚Ä¶ 
125,Sir Ferdinand Rogers,11/12/2019 12:43,    _JAGs    _akin1‚Ä¶ 
126,Kareem Ahmed,11/12/2019 12:30,"Noticed whenever there is Muslim festive, you do paid your so called Stipends late, it's your norm"
127,Martins.NG,11/12/2019 12:27,pls what is holding our stipend up till now. It is not fair!!!
128,Stanley_unusual,11/12/2019 12:25,U appreciate the n power team for their wonderful work and  our achievement but I am here suffering
129,Peace Corps Of Nigeria,11/12/2019 11:48,N-power I Don tire oh
130,Jamboree Nwa Anam(affidavit PhD),11/12/2019 11:46,"N-POWER which way npower na? 
Your beneficiaries are complaining of non payment of their stipend/pocket money up till now"
131,Alhaji Saheed,11/12/2019 11:39,good day say my account have been on hold I was ask to re upload NY deployment letter and the button is not active thanks
132,Ibrahim Salisu Abdul,11/12/2019 11:24,please why is Npower  not paying at month end until another month entered and even reached almost half. This is very poor of them.
133,Edet,11/12/2019 11:10,Npower Pls. Don't get it twisted
134,Emeka Onwe,11/12/2019 10:50,"N-POWER I was going to ask when to expect payment of stipend and device as well,because your delaying is making us weary"
135,djkmoney,11/12/2019 10:35,That's generally done all over the world.
136,BokoHaramSurvivor,11/12/2019 10:14,I just saw some people with white shorts and T-shirts bearing Community Police written on it at the Borno HQs of th‚Ä¶ 
137,CkyView Technologies,11/12/2019 10:05,Please help me check too. Adeyemi Samson Olabanji.
138,ProfRolex,11/12/2019 9:40,"We are all complaining, even more we are complaining. This is bad."
139,Kunle Adediran,11/12/2019 9:31,SSA to  on job creation Mr. Afolabi Imoukuhede was at the _ng NPowerTech (Southern) campus to inspect things
140,ProfRolex,11/12/2019 9:27,No level of nonpayment would make me resolve to position
141,Mahmud Salihu Kaura,11/12/2019 9:24,"Indeed a great liar, those things started from december last year. By that time Osinbajo is the incharge."
142,Graciee,11/12/2019 9:19,"These are the kinds of statistics I want to see. Great job, N-POWER
Hope to see even more in the near future üí™üèΩ"
143,Kunle Adediran,11/12/2019 9:17,"Jenny Sampson Mfon, an NPowerTech software training beneficiary from Akwa Ibom State sharing her wonderful experience"
144,Bolu,11/12/2019 9:14,N-Power should stop working sluglishly
145,Bukola Wahab,11/12/2019 9:14,N-Power programme management should work hard to improve this programme
146,Bukola Wahab,11/12/2019 9:13,N-power volunteers are treated unfairly through failure of payment
147,Bukola Wahab,11/12/2019 9:10,SSA to President  on job creation Mr. Afolabi Imoukuhede was at the _ng NPowerTech Southern campus‚Ä¶
148,CBN Gov Akinsola Aküá≥üá¨,11/12/2019 9:07,Janny Sampson Mfon from Akwa Ibom shows appreciation for being a beneficiary of the  _ng‚Ä¶ 
149,Hosea Ozeal,11/12/2019 9:05,"Me will just come here and be expecting to hear something like! Thank you, the October stipend has been paid"
150,Taofeek T. Gawat üá≥üá¨,11/12/2019 9:02,October is delay for too much
151,·∫∏gu·ªçn·ªçvwoba-a Oghenekobiruo,11/12/2019 8:56,"N-Power Okay, you're shameful üòÇüòÇüòÇ"
152,PATRIOT,11/12/2019 8:53,This is programme is working but needs more energy
153,PATRIOT,11/12/2019 8:53,Volunteers are hungry. N-POWER do something about this
154,PATRIOT,11/12/2019 8:53,N-Power should do more in public enlightenment
155,The OverLord Queen Herself,11/12/2019 8:53,N-POWER don't delay october stipend anymore
156,PATRIOT,11/12/2019 8:46,"october stipend is not yet seen oh, N-POWER"
157,H–∞—èc–∫–Ω–∞–ø,11/12/2019 8:44,"N-POWER I learnt the stipend to be paid will be 10,000 naira. How true is this?"
158,DJ Tonio,11/12/2019 8:37,N-POWER No stipend so we can't celebrate pls pay us ohhüòûüôÅüòû
159,Alfred The Great,11/12/2019 8:30,N-POWER I just wanted to know if recruitment is ongoing? Because I saw apply for the Npower Teach and when I app‚Ä¶
160,The Angel of Babylon,11/12/2019 8:11,N-POWER With the 600naira feeding allowance per day provided for Ntech software guys currently in training?? I‚Ä¶
161,Saheed Odulaja,11/12/2019 7:51,"N-POWER  I have updated my Advance   Pig Game.

Am still expecting NPowerTech Training Southern Regi‚Ä¶"
162,Hassan Micah Elang,11/12/2019 7:50,N-POWER Some people are simpleton
163,Hassan Micah Elang,11/12/2019 7:49,N-POWER How can one have a happy celebration without money??? _ng
164,Mansir sani,11/12/2019 7:36,"N-POWER Nothing good, we celebrated with empty pocket."
165,Mss Hafsat Omale,11/12/2019 7:30,"N-POWERGood morning Sir, please I want to confirm if"
166,Adelaja Ademola O.,11/12/2019 7:25,"N-POWER Good morning Sir/Ma,
I couldn't access the transition page on my portal. It has been on and off. I dont‚Ä¶"
167,Shola Amaju,11/12/2019 7:11,N-POWER Yeah... Right... I was wrong with that too.
168,Adedoyin Peter,11/12/2019 7:09,N-POWER This program started very well it is better not to end bad  other state Govt. should emulate cross river‚Ä¶
169,Abubakar,11/12/2019 6:47,N-POWER I need an empolyment
170,Abbah Isah Sadia,11/12/2019 6:42,N-POWER You are a great liar
171,Mahmud Salihu Kaura,11/12/2019 6:10,"I do hope that when Xmas come, you will not get your stipend"
172,M. G. Gonet,11/12/2019 6:04,N-POWER It's so pathetic honestly
173,WHY‚öΩÔ∏è‚öΩÔ∏è‚öΩÔ∏è‚öΩÔ∏è‚öΩÔ∏è,11/12/2019 5:57,They are using Npower volunteers monthly stipend to invest on their private acct because they pay us wen ever they feel. very bad indeed
174,Waapera Lubem,11/12/2019 5:54,what happen to what the president was saying he will not allow the 2016 back to go back to th‚Ä¶
175,Waapera Lubem,11/12/2019 5:50,elections are over now every SA on job creation is talking about disengaging the 2016 batch.
176,Bakare Malakachallah,11/12/2019 5:45,N-POWER What you people are doing to the beneficiaries of this program is totally inhuman and it's a disgrace to humanity
177,Ni ne Oga Kpatakpata,11/12/2019 5:35,Brooooooo.... I'm weak. I can't even say anything. It's just so poor
178,Abu Firdaus Ibn Bello,11/12/2019 5:33,"They are not only shameless, they are gradually becoming fraudsters. Doing business with our stipend before pay us"
179,hope ndem,11/12/2019 5:26,N-POWER Please why always delay in npower stipends 2weeks into the new month??
180,Obri Fidelis,11/12/2019 5:17,"There are Judas in npower that are trying their possible best to cause confusion, and to make the programme insignificant"
181,Aliyu Muhammad,11/12/2019 5:11,"N-POWER We are not happy because you didn't give us our October stipend, but if it's  annually you are paying th‚Ä¶"
182,ten OVER ten  üî•üî•,11/12/2019 5:08,"The guys at the situation room are as confused and dumb as the volunteers.
They know nothing else other‚Ä¶"
183,ten OVER ten  üî•üî•,11/12/2019 5:05,without money there is nothing to celebrate
184,OLUGBADE I. A,11/12/2019 4:37,N-POWER How do you want them to celebrate when you refused to pay their stipend? The delay and the epileptic style of payment is unimagineable
185,Samuel Adesope,11/12/2019 4:32,_ng Good day. Please what is wrong that I can't find transition on my profile page? I'm 2016 Nagro.
186,AA Michael,11/12/2019 4:20,N-POWER Its so unfortunate that this kind of treatment keeps trending all the time.
187,ojei kelvin,11/12/2019 4:13,NpowerTech how can some one that has been running Npower Build redeployed to NpowerTech. Pls I really need this transition
188,Edward Yamusa,11/12/2019 3:36,N-POWER What about the transition? Any direct news about that?  Many of us have tried sevarally but failed
189,Najibu Tanimu,11/12/2019 0:47,Shame on you N-POWER
190,Najibu Tanimu,11/12/2019 0:41,N-power is really scam
191,Ojetayo J. Olalekan,11/12/2019 0:15,"Since the npower has been taking away from the office of vice president, things have changed its way negatively."
192,Emmanuel Oluwafemi,11/11/2019 23:08,"Dear N-POWER, there's need for a new year resolution targeted at SDG (Sustainable Development Goals) from your employee"
193,Preshe Sports Cafe,11/11/2019 22:37,N-POWER please pay us we are tired
194,Preshe Sports Cafe,11/11/2019 22:36,"Good evening Sir, well done! But please when will the 2016 batch of Npower get their stipend? Am tired of waiting"
195,Habib Garo,11/11/2019 22:19,N-POWER Most of your promised is not truth.
196,Abbah Isah Sadia,11/11/2019 21:44,Yeah i know wat am doing prof regina i think if npower team trea‚Ä¶
197,Kowatsky Rico,11/11/2019 21:31,N-power please keep the spirit high
198,Baballe Salisu Abdullahi,11/11/2019 21:27,Good job cross river-N-power
199,Gf,11/11/2019 21:14,"_ytk 1 _ng Pls stop sounding this way, both the Christians and the Muslims, who is happy with empty pocket."
200,~~Adam~~,11/11/2019 21:12,N-POWER One question at a time. Which one matter most?
201,ENAUGHE AGHOGHO,11/11/2019 21:00,I dont understand the reason you guys always pay stipends between 14-15 of every month.
202,This girl isn't that girl,11/11/2019 20:47,N-POWER are not giving volunteers the needful value.
203,This girl isn't that girl,11/11/2019 20:46,N-POWER needs improvement in their managerial skills
204,Icon,11/11/2019 20:46,N-POWER are not paying stipends on time
205,Icon,11/11/2019 20:45,we cannot volunteer and be Hungry. N-POWER pay us in time. This is unfair
206,This girl isn't that girl,11/11/2019 20:45,Beneficiary says N-POWER empowered him through Nbuild scheme.
207,This girl isn't that girl,11/11/2019 20:44,N-POWER don't delay payment. We are still waiting for october salary
208,Icon,11/11/2019 20:42,N-POWER should improve in management
209,Dr Yahooza,11/11/2019 20:41,   _ng    Do they pay in millions?
210,Icon,11/11/2019 20:41,_A    1 _lagos 1051 _ng‚Ä¶ 
211,idio thomas,11/11/2019 20:34,"_ng Be patient with the Government, all will be well"
212,Akinbile Oyewumi S,11/11/2019 20:33,_ng Happy celebration to our Muslim brothers
213,Angela 2,11/11/2019 20:28,   _ng    Trainee on deception.
214,Joseph Inyali,11/11/2019 20:25," _ng Fantastic news, thumb up for this formidable duo  and  for initiating‚Ä¶ "
215,Adejumo Seyi,11/11/2019 20:23,"_ng Here's an example...

World War 1, also known as the first World War ended on the 11th of November 1918.‚Ä¶ "
216,Adejumo Seyi,11/11/2019 20:23,_ng And I'll say the idea struck me only when I started teaching them. I've been working on a way to make it‚Ä¶ 
217,Adejumo Seyi,11/11/2019 20:21,"_ng I was posted to a secondary school earlier in the year and I took up history and maths as a subject, eve‚Ä¶ "
218,Ayodeji Oginni,11/11/2019 20:21,"_ng Thank God for npower program. May God bless Nigeria, amen. I appreciate the present administration- 'OBA‚Ä¶ "
219,Akinbile Oyewumi S,11/11/2019 20:12,_ng Congratulation.
220,Adejumo Seyi,11/11/2019 20:07,12  _ng Definitely he was absolutely wrong to have said  is shameless due to delaye‚Ä¶ 
221,Philip Obin,11/11/2019 20:06,"It has come to our notice that Cross River State SUBEB has employed 76 N-Power beneficiaries.

Good job Cross River‚Ä¶ "
222,Aliyu Ahmad Tijjani,11/11/2019 20:04,_ng congrats!
223,ProfRolex,11/11/2019 19:53,16  _ytk 1 _ng I am equally very sorry to tell you that an educated‚Ä¶ 
224,8031847698,11/11/2019 19:52,_ng Well well.. Someone is hungry
225,Kasim Suleiman,11/11/2019 19:38,"_ng Celebration, wen una never settle npower beneficiaries today is 11th November.. Y d delay"
226,M. G. Gonet,11/11/2019 19:30,_ytk 1 _ng No hope for this country with these kinds of youths who see things only from religious prism.
227,abdulrahman saleh,11/11/2019 19:26,_ng Thank you for your support 
228,Bright,11/11/2019 19:12,_ng Hmm.. Close door employment
229,‚ô¶‚ô¶Ajoketradingstore‚ô¶‚ô¶,11/11/2019 19:02,_ng I just came to check if npower is still in existence.
230,sannidudu,11/11/2019 19:02, _ng üôÜ Plz kindly explain your stand?
231,Abem Sunday owan,11/11/2019 19:00,"_ng Please let me know more about Nagro,is there any news about them"
232,Regina ifeoma,11/11/2019 18:59, _ytk 1 _ng I am equally sorry that the self acclaimed educated person said that too
233,Semilore,11/11/2019 18:44,_ng You should have paid them their stipends
234,Sulaiman Yusuf,11/11/2019 18:42,"Amin
 
    1 3  _ng‚Ä¶ "
235,Olarewaju,11/11/2019 18:29,_ng When u delay our stipend is not good now are u people we tell us dat u hv not received ur own salary God‚Ä¶ 
236,Keneke Emmanuel,11/11/2019 18:28,_ng Wen are we expecting our stipend for October na üò≠üò≠üò≠üò≠üò≠üò≠üò≠üò≠üò≠üíúüíúüíú
237,Adetoro Adebola,11/11/2019 18:27,"_ng _ng if the plans of npower is to disengage 2016 batch of npower, I want you the authority to no y‚Ä¶ "
238,Adetoro Adebola,11/11/2019 18:26," _ng if the plans of npower is to disengage 2016 batch of npower, I want you the authority to n‚Ä¶ "
239,Adetoro Adebola,11/11/2019 18:26," _ng if the plans of npower is to disengage 2016 batch of npower, I want you the authority to no you‚Ä¶ "
240,Ali Scorpion,11/11/2019 18:25,_ng Thanks may God bless.
241,Adetoro Adebola,11/11/2019 18:24,"_ng if the plans of npower is to disengage 2016 batch of npower, I want you the authority to no you will cre‚Ä¶ "
242,AHMAD NUHU,11/11/2019 17:58,N-POWER You too try to displeased
243,Babalola Akeem,11/11/2019 17:56,"N-POWER  Pls, release our stipend it's getting late."
244,Kasim Suleiman,11/11/2019 17:53,"11th November, till now npower beneficiaries stipend still hanging, y d delay,"
245,Kehinde,11/11/2019 17:48,Npower please when is the transition icon be back on our pages most 2016 npowerites have not selected an‚Ä¶
246,Chukwujekwu Jevic,11/11/2019 17:45,N-POWER A very welcomed development.
247,Akpan. M.J.,11/11/2019 17:37,N-POWER Dead state
248,Sibe Lebari,11/11/2019 17:33,N-POWER Commendable: this is lesson and pacesetting for the federal government and other states.
249,Omen,11/11/2019 17:31,N-POWER It is most unfortunate that we celebrated without cash as our stipend is still not paid
250,Mrs Esther Udemba,11/11/2019 17:27,N-POWER Plsease when will the transition  page be on i couldn't  choose because  of bad network here
251,James Daniel Mountai,11/11/2019 17:26,I wish both federal government and other states government can emulate cross river. God bless cross river government.
252,Kingsley William,11/11/2019 17:24,Congrats to CRS
253,Kingsley William,11/11/2019 17:21,N-POWER Hmmmm are we save
254,Isaac Maiyanga,11/11/2019 17:11,"N-POWER, We are not smiling with the celebration. We always beg before payment are made every month."
255,Nwankwo Chidozie,11/11/2019 17:05,"What a failed nation.
76 out of over 15k volunteers and you guys are applauding them.

Whoever that did is crazy"
256,Isaac Maiyanga,11/11/2019 17:03,"N-POWER Thank you Npower, but what is the fate for some of nteach from other states that have been on and doing‚Ä¶"
257,uyo chijioke,11/11/2019 17:02,N-POWER That's nice.. Congrats to the employees
258,Ismail ibrahim,11/11/2019 17:01,"Nice work, congrats"
259,Bryan Chukwunonso‚Ñ¢¬© üá≥üá¨,11/11/2019 17:00,"I didn't want to reply that. 

Ask him the kind of job that people get‚Ä¶"
260,Anadi Ndubisi C.,11/11/2019 16:57,N-power greater number of volunteers are not happy with your level of treatment
261,Stil Agro,11/11/2019 16:53,N-POWER is amazing
262,AUDU NELSON,11/11/2019 16:50,Congratulations to our Muslim brothers.
263,Stil Agro,11/11/2019 16:50,N-POWER is not making payment friendly at all
264,This girl isn't that girl,11/11/2019 16:50,N-POWER is not taking serious steps in improving this programme
265,Chidi_Anyim,11/11/2019 16:41,Is new intake currently on going? Keeping messages about new registration but npower page application is not active.
266,Stil Agro,11/11/2019 16:41,N-POWER is not trying in terms of payment
267,MuhD Qassim Adebayo,11/11/2019 16:26,N-POWER pay our stipends. we cannot wait again
268,Olawale,11/11/2019 16:25,HELL no to N-POWER holding down our stipends
269,adegoke semiu,11/11/2019 16:21,"N-POWER  Pls
Why are you guys delaying our stipend?"
270,Jacob Wakili,11/11/2019 16:07,"N-POWER This is sad 
Please act accordingly"
271,Bryt ‚Ñ¢,11/11/2019 16:01,"N-POWER It has come to our notice that Npower beneficiaries have been refused their October stipend, is this how‚Ä¶"
272,ALIYU ABDULLAHI ISYAKU,11/11/2019 16:01,N-POWER Thanks we really appreciate your concern
273,Joe Johnson,11/11/2019 15:57,N-POWER  are the ones frustrating the very essence of the programme‚Ä¶
274,Arowolo damope,11/11/2019 15:46,Me and a friend started a catfish business last year but wasn't profitable cos of this delay in stipend - N-POWER
275,Habeebullah,11/11/2019 15:45,"N-POWER all you are doing to us is not good, because we really depended on this stipend"
276,Sena,11/11/2019 15:35,Nteach is federal this is state ü§∑üèª
277,Henry,11/11/2019 15:33,N-POWER Without payment? This is wicked oooo
278,Becky Moses,11/11/2019 15:26,"N-POWER, I think we should stop working until they pay us . Once it 31st of each month and we are n‚Ä¶"
279,ADELOWOKAN TEMITOPE,11/11/2019 15:24,"N-POWER, Congratulations to u guys employed"
280,UMAR KASIM,11/11/2019 15:16,"N-POWER, good bless river state and all npower teams"
281,Shola Amaju,11/11/2019 15:14,"N-POWER, Please answer... U r eating free money and u complaining... Swear that u r regularly going t‚Ä¶"
282,Harmony Johnson,11/11/2019 15:02,"N-POWER, Amazing day without payment? Hunger is striking oooo"
283,Ikorodu jerman,11/11/2019 15:01,Npower beneficiaries in crossriver are more than 76 so pls and pls don't use this as an excuse to stop to paying stipend
284,PEPECHINII,11/11/2019 14:58,"N-POWER, did you even stop to think of how the Muslim brothers you mention had to celebrate eid Maloud without money."
285,Ikorodu jerman,11/11/2019 14:57,N-POWER is not paying on time
286,Chidi Okere,11/11/2019 14:48,N-POWER is  Very unfortunate
287,F - young,11/11/2019 14:34,N-POWER is not handling  financial situation
288,marky,11/11/2019 14:32,"N-POWER This is encouraging, it will be quite welcoming if other states do same else."
289,Benjazy,11/11/2019 14:28,N-POWER When will Nigeria ever get it right? planning to get rid of 2016 volunteers
290,Brown Bread,11/11/2019 14:27,"N-POWER, They are the link between the government and the beneficiaries so what exactly are u saying now"
291,Nsikak,11/11/2019 14:19,N-POWER Please just pay stipend
292,Nsikak,11/11/2019 14:19,N-POWER  is quite poor
293,Chinonyerem Nwokocha,11/11/2019 14:12,N-POWER Congratulation
294,Stil Agro,11/11/2019 14:03,N-POWER making impacts but payment of staffs is a problem
295,Stil Agro,11/11/2019 14:03,"N-POWER, please pay us am tried of this delay"
296,Stil Agro,11/11/2019 14:03,Too much delay in payment of stipends
297,Stil Agro,11/11/2019 14:02,N-POWER is not trying at all
298,Stil Agro,11/11/2019 14:02,N-POWER NEEDS to be reoriented on staff managements
299,Stil Agro,11/11/2019 14:01,N-POWER not paying on time is rubbish. They have to start paying stipends on time
300,Stil Agro,11/11/2019 13:59,N-POWER is great but the system needs greater improvement
301,Stil Agro,11/11/2019 13:59,N-POWER consider making more equipment/tools available for beneficiaries
302,Stil Agro,11/11/2019 13:58,This programme is terrible
303,aladelokun jimlas,11/11/2019 13:58,"Lol, what u read in d books is disturbing your judgments about the reality"
304,OjoOluwa Ibiloye-Ohjay,11/11/2019 13:57,"Currently, I'm not a politician. I'm a Political Scientist by‚Ä¶"
305,Oladapo jamal oluwatobiloba,11/11/2019 13:55,"N-POWER Happy eid-el-maulud
But, but. No salaries for us, too bad"
306,Inyaka Godspower,11/11/2019 13:50,Those 76 Npower beneficiaries employed by the state are either related to govt‚Ä¶
307,This girl isn't that girl,11/11/2019 13:46,N-POWER is lacking visison and focus
308,Diamond,11/11/2019 13:46,"N-POWER Please when will you pay us, it really hard"
309,Marvellous,11/11/2019 13:35,N-POWER Can you kindly help me out with this challenges. I am be try to login for some days ago but found it a
310,dada femi white,11/11/2019 13:30,N-POWERCongratulations to the beneficiary's.
311,Adekunle,11/11/2019 13:23,N-POWER Good!
312,@Abu~Suhaemat,11/11/2019 13:23,N-POWER thanks for ur celebration. We have good appreciation on you.
313,Neggyfootwears,11/11/2019 13:16,N-POWER when are you paying us for last month? Don't be so adamant
314,OTUBO MONDAY,11/11/2019 13:14,N-POWER recruitment of new intake is on?
315,Omenesa Muhammed Z,11/11/2019 13:09,N-POWER Go and sack them
316,Hajia Adijat,11/11/2019 13:06,"N-POWER Wow! That's great, congrats to the volunteers"
317,aladelokun jimlas,11/11/2019 13:05,N-POWER Do something else like what????? Looking at your profile it'‚Ä¶
318,MuhD Qassim Adebayo,11/11/2019 13:03,N-POWER Not at all!
319,slimjuice7,11/11/2019 13:02,N-POWER sometimes lack focus in management
320,OjoOluwa Ibiloye-Ohjay,11/11/2019 13:00,You know it's not a must to be part of N-Power to be valid
321,MuhD Qassim Adebayo,11/11/2019 13:00,N-POWER Attention to      ‚Ä¶
322,MuhD Qassim Adebayo,11/11/2019 12:59,Oother appropriate authorities should please go round all the school
323,MuhD Qassim Adebayo,11/11/2019 12:58,"We're appealing to you to summon a courage, take a bold step in training these peoples"
324,banbastic,11/11/2019 12:49,N-POWER are People wey Dey help youth in fluctuating
325,banbastic,11/11/2019 12:49,N-POWER Awesome
326,aladelokun jimlas,11/11/2019 12:47,N-POWER Same shoe
327,aladelokun jimlas,11/11/2019 12:47,"Is there any future end focus???, n-power is awesome but its management is not organised"
328,OjoOluwa Ibiloye-Ohjay,11/11/2019 12:45,Check Bolivia.
329,aladelokun jimlas,11/11/2019 12:43,"As rwanda if leaders can't kill 1 million, check Hong kong,‚Ä¶"
330,Naija4greatness,11/11/2019 12:42,"I concur with u sir, that's one of the major problems with our dear country lack of information"
331,OjoOluwa Ibiloye-Ohjay,11/11/2019 12:39,"As citizens, we have what it takes to stop corrupt officials destroying this programme"
332,OjoOluwa Ibiloye-Ohjay,11/11/2019 12:36,N-POWER I just followed back.
333,OjoOluwa Ibiloye-Ohjay,11/11/2019 12:36,I was expecting you to bring up this issue of corruption in N-POWER
334,Aminu Surajo Guga,11/11/2019 12:31,"N-POWER We were told to N1000 and a passport photograph for Identity card, Kaduna North N-Agro 
So, am enquiring‚Ä¶"
335,aladelokun jimlas,11/11/2019 12:30,A leaders sin is a leading sin...
336,Bolanle-Tope  Akan,11/11/2019 12:30,N-POWER seems not answerable to delay in payment
337,OjoOluwa Ibiloye-Ohjay,11/11/2019 12:29,"In N-POWER Systemic corruption is on one hand, while attitudinal decay is on the other"
338,Kalu Ndu,11/11/2019 12:23,N-POWER is really terrible
339,WHY‚öΩÔ∏è‚öΩÔ∏è‚öΩÔ∏è‚öΩÔ∏è‚öΩÔ∏è,11/11/2019 12:16,This N-POWER is becoming useless because every month there must be a delay in payment.
340,Miracle,11/11/2019 12:13,"N-POWER please pay us, we are definitely not happy"
341,comfort Tazamui,11/11/2019 12:12,N-POWER Great one cross River
342,JIBRIL JIMOH,11/11/2019 12:10,N-POWER Beneficiaries are going crazy because of last month stipend.
343,Alao A. Abdulhameed,11/11/2019 12:09,N-POWER great work
344,DrSaint,11/11/2019 12:08,"N-POWER With 30k make team of five members, contribute 20k each there u start ur business.."
345,Alao A. Abdulhameed,11/11/2019 12:07,N-POWER Thank God
346,Alao A. Abdulhameed,11/11/2019 12:06,N-POWER Indeed
347,Miracle,11/11/2019 12:04,"N-POWER When will you people pay us, we terribly hungry."
348,Lmlm2,11/11/2019 11:58,N-POWER  you people are not still paying till now. This is bad
349,Dutchi,11/11/2019 11:54,7 7  _ng Please kindly note that npower are not responsible for your pa‚Ä¶ 
350,adeda,11/11/2019 11:53,_ng  Southern Region NPowerTech Trainers are taking the trainee through a computer essentials revis‚Ä¶ 
351,adukwu ekene joseph,11/11/2019 11:47,_ng Please pay us our money
352,Buchi,11/11/2019 11:41,   1 _lagos 1051 _ng  I'm‚Ä¶ 
353,Goxide,11/11/2019 11:39,   1 _lagos 1051 _ng  How much
354,Lmlm2,11/11/2019 11:39,_ng why are ppls not pay our salary in time all d time now
355,J.T.A.,11/11/2019 11:36,I don't care to know if the government is borrowing as long as they are paying my stipend
356,Tomtwiny,11/11/2019 11:35,N-POWER What are your sources. Come to cross river and see for yourself that it is not working
357,J.T.A.,11/11/2019 11:34,Do the politicians care if the money is being borrowed before the money is looted
358,Cynthia,11/11/2019 11:33,N-POWER Please can I get the site.
359,ndifon shedrack,11/11/2019 11:33,"N-POWER I don't think news is real ooooh, please Npower team you people should very sure before dropping any new‚Ä¶"
360,GLife Travels and Business Services Limited,11/11/2019 11:33,"N-POWER,  How do i change my Local government...within same state of PPA..."
361,Olawale,11/11/2019 11:30,N-POWER is still not paying staffs. this is very unfair of them
362,aladelokun jimlas,11/11/2019 11:30,We live in a nation where we have narrow minded leaders which is very bad
363,Tokan,11/11/2019 11:28,"How much is the pay? Don't just exaggerate on ""they were employed""."
364,ELIOT,11/11/2019 11:24,Has.the creative program ended?
365,DeOriginal Peri Agbor,11/11/2019 11:22,"The number is very low, so many N-POWER beneficiary applied for that job but  that is normal Nigeria syndrome."
366,Al_Ameen Danbaturiya,11/11/2019 11:21,This is good for our governors to do on their state
367,O. J. OKORIE,11/11/2019 11:21,N-POWER  I am sorry you said that
368,usman kayode,11/11/2019 11:14,"But they can always give updates, or they want to deny the fact that payments of last month is still withheld?"
369,omoyovwin Mike,11/11/2019 11:12,"When will you bring back, the transition icon for 2016 batch? I have not selected my choice. When will M‚Ä¶"
370,milano,11/11/2019 11:12,All we think of is consumption very bad. I just followed you
371,victor oyewusi,11/11/2019 11:09,N-POWER Nice one
372,Surv. Tommy Agida (Ubiquitous).,11/11/2019 11:02,"The 76 N-Power beneficiary employed in Cross River State applied independently for the SUBEB job and when approve, the work wa given to them"
373,milano,11/11/2019 11:02,"N-POWER Hope you are aware that this 30,000 ends soon."
374,Mr All Weather üå•,11/11/2019 10:56,N-POWER Cause you're useless as well.
375,IamRichardüß¢,11/11/2019 10:53,N-POWER What about Ibadan and osun
376,Hassan Usman,11/11/2019 10:50,N-POWER Only 76 hmmm
377,OneMan OfuOnye,11/11/2019 10:50,"To those complaining about delay in payment, first of all it's not encouraging. But if you've known how this stipend is raise"
378,Mr All Weather üå•,11/11/2019 10:50,_ng Congratulations to them cause they're free from your unpaid program.
379,Casmir Mmadu,11/11/2019 10:48,_ng Heartless elites! People who have gained the most from this system yet finds its difficult to give life‚Ä¶ 
380,J@milu H@$$a@n K@nty,11/11/2019 10:48,_ng Congratulations to them
381,Jibril Katalyst,11/11/2019 10:48,  _ng Help me ask bro
382,Naija4greatness,11/11/2019 10:47,_ng Pls stop abusing Npower Twitter handlers they are not responsible for delays in payment of stipends
383,Shyly-lyüòÑüòíüòç,11/11/2019 10:47, _ng  u work with FcmbüòÄüòÄüòÄüòÄüòÄüòÄ
384,Adeniyi Ishaq (Easy),11/11/2019 10:40,_ng Cross River State has become pace setter
385,OjoOluwa Ibiloye-Ohjay,11/11/2019 10:33,  7 _ng You care about how the government is generating revenue? You ca‚Ä¶ 
386,milano,11/11/2019 10:31,   _ng Thank you 
387,Abbah Isah Sadia,11/11/2019 10:28,1 _ng That's true
388,Mahmud Salihu Kaura,11/11/2019 10:24,"Even if there are Muslim's among them they are value less, they can't do anything."
389,Mr. Bertch,11/11/2019 10:24,"dont ask questions here, even d person posting this will not tell u everything about the situation"
390,Jamilu Isiya,11/11/2019 10:22,"_ng Could it be a Christian's day?,that would be a raining....."
391,J.T.A.,11/11/2019 10:18,The wealth of a Nation is for it's people. The money isn't for the government alone
392,Ubongabasi,11/11/2019 10:18,Chai.. Amazing day without Stipend. Really amazing and pretty unfairü§£ü§£
393,Edet,11/11/2019 10:18,"N-POWER Why are u guys doing this to us , this is unfair????"
394,Babasala,11/11/2019 10:13,N-POWER u guys are jokers oooo!!!!
395,Mai_sheriaüá≥üá¨,11/11/2019 10:13,N-POWER this number 76 is too poor and small oooooo
396,Mai_sheriaüá≥üá¨,11/11/2019 10:08,N-POWER They are lucky
397,Edet,11/11/2019 10:07,Ohhh My FCT.?? What is She waiting for ?Why is She Allowing Other State to set example when she is there‚Ä¶
398,OjoOluwa Ibiloye-Ohjay,11/11/2019 10:07,"be patience, It's just N30,000 to you, but it's about N15,000,000,000 month for all"
399,üôè God No Go Shame Us üôè,11/11/2019 10:06,Tell  to do the same too
400,Farouq,11/11/2019 10:05,Hm you hijack us pls and pls release our stipend please
401,Bukola Wahab,11/11/2019 10:02,more pictures from N-POWER in southern Nigeria
402,Akinwale Abideen,11/11/2019 10:02,Imagine what a family would be passing through when stipends are not paid at as when due. It will be an injustice
403,Bukola Wahab,11/11/2019 10:01,The NPowerTech team in the southern region hit the ground running as Trainers began taking the trainees through a‚Ä¶ 
404,Nigeria's First Sonüïäüá≥üá¨,11/11/2019 9:52,You ought to have name the shop N power barbing saloonüò©üëä
405,sunshinefortune,11/11/2019 9:50,Oga 2729 come and see how things are done and this is what Lagos state is supposed to have done too
406,KNELYüëë,11/11/2019 9:49,"you guys post people to banks too, guy here works seriously‚Ä¶"
407,Okoyi Stephen,11/11/2019 9:48,How real is npower-transition? I have been checking on the portal to transit but yet to succeed. Please what do I do? _ng
408,Abbah Isah Sadia,11/11/2019 9:43,I think all npower team are Christian that's why they don't want to pay stipend in a‚Ä¶
409,‚ò†Ô∏èrobsmanü§´,11/11/2019 9:42,"Why no payment of stipends till now, do we have to plead every month before we get our stipends... This is very poor and unfair"
410,VinceCarter,11/11/2019 9:41,Yes cos you have other Job you are doing that'swhy..
411,Akanbi kan bee,11/11/2019 9:37,N-POWER is  Scam
412,Folorunso Akeem,11/11/2019 9:34,Npower volunteers came to rescue the education sector in d state only 76 could offer job. What an ingrate
413,Brown Bread,11/11/2019 9:34,"N-POWER Delaying graduates that deserve more than 30,000 monthly.
If we continue  this way, it means we bleak future"
414,Ediale Nathaniel,11/11/2019 9:33,N-POWER when is the portal opening
415,Folorunso Akeem,11/11/2019 9:30,"Thank you for this response. My people are gullible, 76 out of how many?"
416,iyiola babajide OLUF,11/11/2019 9:29,N-POWER is Good
417,osundipe bukola,11/11/2019 9:28,Stop Celebrating with empty pockets
418,iyiola babajide OLUF,11/11/2019 9:28,"Thanks,but NPower has changed gone are the days Npower pays 24th of the month.what is the fate of 2016 batch"
419,olaye abraham,11/11/2019 9:27,My attention has been shifted from N-power to God because the poor is poorly manage.
420,Emmanuel Nyong,11/11/2019 9:26,"As an indigene of Cross River State who happens to be residing in the state, I will say the Government did nothing"
421,milano,11/11/2019 9:25,You need to define wickedüòí
422,Richard RICHARD,11/11/2019 9:24,"When the npower money is just a free money for you MR Banker, you misuse it"
423,FAUZIL YUSUF,11/11/2019 9:24,Thank you....  Mouled mood got me quite
424,Monihand,11/11/2019 9:14,Nigerian graduate
425,Ahmed Dan'Auta‚Ñ¢,11/11/2019 9:14,My backlog please
426,midow,11/11/2019 9:13,"hmmmm....Gi ve us our stipend pls!, don't be ungrateful to appreciate our effort"
427,Hassan Muhammad,11/11/2019 9:12,No money how can we  celebrate üéä Please is anoying.
428,PATRIOT,11/11/2019 9:10,NPowerTech (Southern) Trainers are taking time to build a solid foundation to ensure no trainee in his/‚Ä¶
429,Ilesanmi Durojaiye,11/11/2019 9:02,So what are you doing to see that the CRS Nhealth beneficiaries are absorbed into the CRSPHDA???
430,Otis Horsfall,11/11/2019 9:01,Congratulations to the beneficiaries and big kudos to State government and SUBEB
431,CkyView Technologies,11/11/2019 8:59,I got a text message on Friday 8th November that says 8th to 15th November for registration in‚Ä¶
432,üòòüòòHolori yemiüòçüòçüòçüòçüòç,11/11/2019 8:56,N-POWER no Stipends oooo
433,Ni ne Oga Kpatakpata,11/11/2019 8:55,N-POWER no Way to go
434,Shyly-lyüòÑüòíüòç,11/11/2019 8:52,76 beneficiaries out of how many? Pls is this news.... What will happen to the rest beneficiaries
435,I AM A FARMER,11/11/2019 8:52,_ng Please what's happening to transition because I can't do it on my portal
436,Lawal Abdulkadir,11/11/2019 8:50,"Imagine 76 out thousands of beneficiaries, this is anoying"
437,I AM A FARMER,11/11/2019 8:48,N-Power focus in improving the programme
438,Segun Agboola,11/11/2019 8:44,"You guys are not talking about 2017 batch Device, are you not giving us again?"
439,Hassan Usman,11/11/2019 8:44,N-POWER Very shameless Indeed
440,J.T.A.,11/11/2019 8:43,N-POWER  I'm sorry. I really don't like being negative but you and I know the power of corruption is affecting this pogramme
441,aladelokun jimlas,11/11/2019 8:43,"But why pay late????, just 30,000 and its been paid  middle of the following month. This is very poor"
442,PURPLE-üíú-CUPID,11/11/2019 8:41,Happy celebrationüéâ
443,Ayeni Abidemi,11/11/2019 8:38,N-POWER Amazing day without stipends? this is incredibly awkward
444,Mahmud Salihu Kaura,11/11/2019 8:38,"We are celebrating our Muslim's festival in 3 consecutive time without stipend this year, what type of injustice is this?"
445,AlKhemy,11/11/2019 8:34,N-POWER You guys have forgotten about our impact series competition right? This is not good oh
446,agihjude@yahoo.com,11/11/2019 8:33,N-POWER Wow! Congratulations to the beneficiaries
447,Babson (MUSICALS ¬Æ),11/11/2019 8:30,N-POWER Are we not collecting our device anymore???
448,Oleng01,11/11/2019 8:29,"Exiting people from ur program at will without any prior notice,  how can someone be working in a rural are‚Ä¶"
449,GreenLight,11/11/2019 8:27,Thank you.. we actually had amazing day.. but it should have been better with our stipends
450,rukkyawoniyi,11/11/2019 8:27,When r we getting paid for October stipend?
451,OJ. Yahaya #SDGsüí¶üåçüíßüèû,11/11/2019 8:26,"We don't have the same line of thought okay, you have your right to your perception towards‚Ä¶"
452,VinceCarter,11/11/2019 8:24,N-POWER is scam
453,I sell Data(all network),11/11/2019 8:23,We need update on all uncompleted sections of the Npower program.
454,MUHAMMAD ALI INDIMI,11/11/2019 8:23,Empty pocket celebration üéâ
455,Cinderchizzy,11/11/2019 8:23,Your site is down. I need to upload my posting letter as I just got it and my id. And change of account.
456,Sirajoa Isah Yunusa,11/11/2019 8:22,What a celebrations with an empty pocket?
457,OJ. Yahaya #SDGsüí¶üåçüíßüèû,11/11/2019 8:22,"We all have our opinions and our perceptions towards things, I'm not questioning what  you believe alright."
458,DeeSleeky,11/11/2019 8:22,Pay us please hunger is killing
459,Chantel Chinonso,11/11/2019 8:21,You are right anyway! That's total wickedness and abysmal dishonesty.
460,J.T.A.,11/11/2019 8:21,You really want to how?
461,Œ∑Œ±‚Äé◊†—î—î–≤ —ÉœÖŒ∑œÖ—ïŒ±,11/11/2019 8:21,N-POWER delay in payment is wickedness
462,milano,11/11/2019 8:20,Haba. This is not good now. N-POWER is one of the most transparent program.
463,J.T.A.,11/11/2019 8:19,Which one is a working State? Is there anything working in Nigeria?
464,Babson (MUSICALS ¬Æ),11/11/2019 8:18,But  wait are we not collecting our device anymore??? Am just curious
465,Daniel¬Æ,11/11/2019 8:18,N-POWER Up till now 11th  November no stipend.  This is wickedness of the highest order
466,Usaini Idris,11/11/2019 8:18,N-POWER Good govt
467,Best,11/11/2019 8:18,N-POWER Posting what shouldn't be posted. Our devices ooooo
468,Ahmed Zainab Labake,11/11/2019 8:17,Congratulations to the lucky beneficiaries. I believe this has to do with their commitment to their ppa
469,J.T.A.,11/11/2019 8:16,Okowa is the governor of Delta State. Did you see Delta State in the post above? Mad man.
470,Plato in Calabar,11/11/2019 8:14,N-POWER We move
471,Arc Nureym,11/11/2019 8:11,I wish our northern states will copy from this development especially in the Agro sector. because  it's obvious
472,J.T.A.,11/11/2019 8:10,N-POWER You are so shameless
473,Costus spectabilis,11/11/2019 8:10,N-POWER lacks delivery
474,Best,11/11/2019 8:10,"N-POWER pay us, we are tired of waiting"
475,OJ. Yahaya #SDGsüí¶üåçüíßüèû,11/11/2019 8:08,"That's a working state,  weldone Cross River State"
476,Austin Sunny,11/11/2019 8:07,Congratulations to them
477,Oniko Umuakpero,11/11/2019 8:06,I have an issue with N_Tax_2017_000001619939_94 pending from Delta State Help me out
478,Npower Tech Class 6,11/11/2019 8:04,"Class 6 npower ntech      _ng  11
_DAVEMATICS‚Ä¶ "
479,crs.npower,11/11/2019 8:03,we are pleased for the recognition. The employed beneficiaries are most grateful for the opportunity
480,Oniko Umuakpero,11/11/2019 7:56,N-POWER should really improve this programme
481,Sunday U. Omini,11/11/2019 7:56,Was it done in secret ? As far I can remember it was for those who took part in the recruitment exercise and‚Ä¶
482,ositaCHIBUIKE,11/11/2019 7:54,_ng Device for 2017 Beneficiaries not fulfilled?????????????????????????????????????????????????????????????‚Ä¶ 
483,Oniko Umuakpero,11/11/2019 7:51,what is up with our stipends
484,Deco_G,11/11/2019 7:50,We 2016 beneficiaries deserve some permanent jobs from the federal government too... congrats to them
485,Costus spectabilis,11/11/2019 7:50,N-POWER we have to keep moving forward
486,OÃ©n√†w√°l√© K√∫for√≠j√¨,11/11/2019 7:47,Keep up the good work.
487,Muritala Ismaila Kajola,11/11/2019 7:40,Congratulations.  We'll also be congratulated soon.
488,Edianaabasi louis,11/11/2019 7:40,"Good morning npower, i missed out on filling the transition form, is it possible for it to be done again. Thanks for your help."
489,idreess khalid musa,11/11/2019 7:39,So they only have 76 N-Power volunteers in the state? Youths have no future hope in this country.
490,Oniko Umuakpero,11/11/2019 7:37,N-POWER needs more of accountability
491,Costus spectabilis,11/11/2019 7:36,N-POWER please try and pay our stipend
492,LANRE4565,11/11/2019 7:35,11th of another month pls npower kindly help us with our stipend 41th day 1month and 11th days‚Ä¶
493,abdulrahman saleh,11/11/2019 7:32,N-POWER Good job and congratulation
494,Engr_Nayayiüåüüå†,11/11/2019 7:32,It has come to our notice that the stipend is no more longer expected at the end of months. This is not good at all !!!
495,MKAZIZ,11/11/2019 7:31,Congratulations to them.but that's a small amount compared to the overall number
496,Kola folorunsho | #Farmer | #Food,11/11/2019 7:31,Click the Opera news Hub above to learn a new Skill that may turn you to a millionaire.
497,Uchenna Obidimma,11/11/2019 7:29,"_ng Congratulations!
But what's holding or delaying the selection of our tab?"
498,Stunna Daddy,11/11/2019 7:27,Why do you people always delay payments of stipend  till the middle of the month? This is unfair
499,Salihu I. Lemu,11/11/2019 7:27,"Congratulations!
As it was better than, the scenario in Niger State. Where unfited and untested handles‚Ä¶"
500,Slay Pappii,11/11/2019 7:24,You should employ fresh new N-Power now
501,sirkay,11/11/2019 7:24,When are we expecting our October stipend dear N-POWER.. Good morning!
502,Harun Ozi Ahmad,11/11/2019 7:24,N-POWER When are you recruiting
503,Dada Emmanuel,11/11/2019 7:24,N-POWER üëàthat's d power
504,LANRE4565,11/11/2019 7:23,Pls pay us npower dis is d 11st day now we re down kindly help us on our stipend
505,SARAKY,11/11/2019 7:23,"now that they are employed will the N- power slot be given to others to benefit, or they will collect double salary. Corruption"
506,Kola folorunsho | #Farmer | #Food,11/11/2019 7:22,Stop begging for stipend every month. Try this venture out easy to start.
507,usman kayode,11/11/2019 7:21,"N-POWER Very sad the way you people are operating, just inhuman."
508,Concepta Chinazom,11/11/2019 7:20,_N-POWER Wow!!!!!!!  Congratulations!!!!!!!!!!!
509,sikrulahy bolanle,11/11/2019 7:19,_ng A welcome development
510,Solomon,11/11/2019 7:18,congratulations to them
511,Mr valk,11/11/2019 7:17,What is happening with the transition icon and what is the implication for those finding it difficult to‚Ä¶
512,VinceCarter,11/11/2019 7:17,Why don't you pay before festivities
513,Hassan Muhammad,11/11/2019 7:16,Wow that is Good and welcoming but it seems that no news concerning 2017 Npower device selection and collection
514,Ismaila Habiba,11/11/2019 7:16,"Good morning, please I want to change my email address on my profile, can you please help me do that"
515,AHMED ABUBAKAR SADIQ,11/11/2019 7:16,"Pay us our stipend, you people are inhuman you don't care for our welfare"
516,oladipo mayowa,11/11/2019 7:14,Congratulations to them....
517,milano,11/11/2019 7:13,This program dey try Sha üëç
518,Prince üëëMebitaghan Brightüíüüíñüéìüëî,11/11/2019 7:12,"_ng Congratulations to them.
But will you people pay us?
Maybe you guys want some dragging on this App."
519,‚Åø·µí ≥·µó ∞·µâ ≥‚Åø,11/11/2019 7:12,N-POWERCongratulations
520,Potentials55,11/11/2019 7:11,N-POWER Good one
521,DeeSleeky,11/11/2019 7:10,Please what is the cause of the delay in our payment? This is unfair  Person wey the work no suppose chop again?
522,*BIGGY-ZANGA* üèÜüéñÔ∏èüéÄ,11/11/2019 7:09,üòÇüòÇüòÇüòÇüòÇü§£ who uniqueness EPP? Make dem pay abeg
523,MUFC üíñ Kano,11/11/2019 7:09,Please when the stipend will be paid? I am tired of waiting
524,Pepple Raphael,11/11/2019 7:09,When will they pay us.
525,Ssquared,11/11/2019 7:08,Only? üôÑüôÑ
526,Shola A. Allstar,11/11/2019 7:08,Congratulations
527,Abiodun Toheeb,11/11/2019 7:08,Congrats to them
528,KunmI ManueL,11/11/2019 7:07,Congratulations to them
529,THIS WORLD IS VANITY!!!,11/11/2019 6:58,TAKE NPOWER BENEFICIA‚Ä¶
530,AHMED ABUBAKAR SADIQ,11/11/2019 6:40,You are the SSA to president on public affairs please advise the president that  N-POWER Graduate are doing great job
531,Daniel Ogunlowo,11/11/2019 5:45,"This is not fair, October stipend hasn't been paid till today 11th of November."
532,muawiyya ubale lawan,11/11/2019 4:59,"Dear Npower Team today is 11/11/2019 but their is no signal for payment,Remember some of us has their family‚Ä¶"
533,muawiyya ubale lawan,11/11/2019 4:51,HELLO NPOWER TEAM YOU HAVE FEAR GOD EVERY CIVIL SERVANT FORM FEDERAL LEVEL TO LOCAL GOVT LEVEL HAS RECEIVE STIPEND
534,Ivuoma Chimaobi,11/11/2019 3:51,"Well done ma Eseoghene!
You are truly a good woman.
May God continue to bless you for this good work. Amen!"
535,ohwojeheri Gloria,11/10/2019 23:15,Ohwojeheri Oghenenyore Gloria. Thanks. I just woke up and saw this
536,Writer123,11/10/2019 21:11,Pls sent me your name let me check... If it is there.....
537,Element,11/10/2019 20:28,N-POWER still a job in Nigeria?
538,ohwojeheri Gloria,11/10/2019 19:48,I just rounded up youth service at Adamawa state. Am from Delta‚Ä¶
539,BokoHaramSurvivor,11/10/2019 18:57,"Everytime Muslim sallah is around, that is what happens in fasting"
540,BokoHaramSurvivor,11/10/2019 18:54,Your Excellency we at N-POWER had started suffering with the movement under your governmnet
541,Writer123,11/10/2019 18:38,Where are you... At Friday last week new people was still coming to camp
542,Ÿìÿπÿ®ÿØÿßŸÑÿ±ÿ≠ŸÖŸÜ ÿπÿ´ŸÖÿßŸÜ,11/10/2019 17:34,We need answer please
543,ujuju azuka,11/10/2019 16:38,"Pls after the verification are we allowed to return home to pack our belongings before returning to the training camp?
Thank You."
544,sunshinefortune,11/10/2019 15:12,Talk is cheap. Someone has been volunteering in your firm for 3yrs now and you cannot pay
545,OBAdedayor Dean,11/10/2019 15:08,Where's d registration link?
546,S. Ola Babalola,11/10/2019 15:03,Selfishness. Why exclude others? No one is stopping you from‚Ä¶
547,Jamaica Ifeanyi,11/10/2019 14:05,Please I need help with uploading my deployment letter on my portal. I ha‚Ä¶
548,Jamaica Ifeanyi,11/10/2019 14:01,I need to rectify this problem ASAP
549,Jamaica Ifeanyi,11/10/2019 14:00,Please I need information on how to upload my deployment letter on my portal as it has become an issue oh
550,Ahmad El-Maude,11/10/2019 13:14,How can I check my N-Power status ?
551,Ad√©wal√© ·ªçm·ªç ·ªçba,11/10/2019 13:05,"Good day admin,
, i want to know how a person can know his/her NPOWER ID number, its not showing in the portal. Thanks"
552,Shollie,11/10/2019 11:44,"You may follow me, so that you can dm me. Thanks, sir"
553,K√∫nl√© F√°lay√¨,11/10/2019 11:40,4real _ng      Hello sir. I need to talk to yo‚Ä¶ 
554,üòòüòòHolori yemiüòçüòçüòçüòçüòç,11/10/2019 11:26,N-POWER October stipend oooooüò§üò§üò§üò§üò§üò§üò§üò§üò§
555,üôè God No Go Shame Us üôè,11/10/2019 11:17,Recruit N-POWER beneficiaries. N-POWER beneficiaries deserves permanent appointment due to the‚Ä¶
556,Œ∑Œ±‚Äé◊†—î—î–≤ —ÉœÖŒ∑œÖ—ïŒ±,11/10/2019 11:12,N-POWER  Congratulations
557,Ogunmola Adeniyi Johnson,11/10/2019 10:35,N-POWER is not fixing delaying of payment
558,Bigdaddy,11/10/2019 9:01,Is the list for northern regional out pls?
559,Nasir Nuhu,11/10/2019 8:54,Sir what's happening over a year We didn't here anything about P-YES  program?. That's why‚Ä¶
560,ohwojeheri Gloria,11/10/2019 8:41,Hi. Gudmorning. Pls is it too late for me . I just heard abt it thanks
561,sunshinefortune,11/10/2019 7:52,This country is just something else.
562,Kabiru Isyaku baballe,11/10/2019 5:13,why you are very poor in detecting people that enjoying two salaries? Shame for your npower team
563,JavaScripted üá≥üá¨,11/10/2019 4:37,N-POWER pay stipends on time
564,aFocus,11/10/2019 3:17,Permanent Jobs Not Guaranteed - Presidency.
565,~~Adam~~,11/9/2019 20:59,N-POWER hope no problem in the payment system.
566,#SavageKhings,11/9/2019 20:54,"N-POWER Payment of stipend is a big problem we have to fix  it, it is very annoying"
567,abubakar hassan,11/9/2019 20:52,N-POWER pay our stipends
568,Ismail,11/9/2019 18:26,N-POWER I can't login to my portal again. What happen?
569,Mamudu Mohammed Kashetu,11/9/2019 18:05,N-POWER It is not fair.... We need our stipends... Cos it not easy
570,Costus spectabilis,11/9/2019 17:58,We have to work for the success of this programme
571,Taiwo Sodiq Oyeniyi,11/9/2019 17:58,"I actually got my own SMS yesterday  Nov 8th, saying registration starts then and ends on the 15th. I'd‚Ä¶"
572,Taiwo Sodiq Oyeniyi,11/9/2019 17:52,"And if you registered back then and followed through, you should get an SMS of deployment.  But I think it's just North and South"
573,Taiwo Sodiq Oyeniyi,11/9/2019 17:51,"I don't think I can finish going through this thread, anyways it's a little too late to register for NPOWER"
574,Costus spectabilis,11/9/2019 17:10,we fight delaying volunteers payment
575,Babalola Oluwatobi Sarah,11/9/2019 15:39,i did not see npower transtion survey on my profile please help me to down it
576,Yaqub Fathiudeen A.,11/9/2019 11:26,Is it for new candidate
577,THIS WORLD IS VANITY!!!,11/9/2019 11:26,we need to raised and stopped this occurrence delay in paying volunteer which is a very poor situation
578,THIS WORLD IS VANITY!!!,11/9/2019 11:14,why are u still keeping‚Ä¶
579,Bukola Wahab,11/9/2019 9:37,NPowerTech Southern Beneficiaries begin their classes
580,Bukola Wahab,11/9/2019 9:34,"NPowerTech (Southern) trainees immediately settled and began classes yesterday, The Trainees express joy aboyu the programme"
581,Awaji-rominsan,11/25/2019 4:43,"Npower Please,  N-power any update concerning our October stipend that has delayed till now and yet no payment?"
582,Ujunwa,11/25/2019 4:31,Religious bigot
583,Ujunwa,11/25/2019 4:27,You are so negative and unprofessional in dealing with the volunteers.Why can't you address the issue of non payment‚Ä¶
584,Benjamin Nze,11/25/2019 3:40,"Pls, Npower Build beneficiaries on Apprenticeship have not received their October pay. Is there a case? This is unbearable"
585,Akan Wilson,11/25/2019 3:17,"What are the areas of specialization in each of the components (N-CREATIVE, N-TECH and N-Build)?  Please,‚Ä¶ npower"
586,THIS WORLD IS VANITY!!!,11/25/2019 3:15,    kindly help inform the   that  yet to pay‚Ä¶ 
587,Akan Wilson,11/25/2019 3:13,"Hello Npower , I urgently need details on the nongraduate categories of Npower scheme. 1) What's the total numb‚Ä¶"
588,THIS WORLD IS VANITY!!!,11/25/2019 3:06,"This wickedness talk  Npower why  you are yet to pay beneficiaries October stipend till date 25th November, 2019."
589,SAMUEL BASSEY,11/24/2019 23:19,Npower Nice one
590,Mustapha Musa,11/24/2019 22:45,wishing u all the Npower software toward ur study
591,Muhammad ahmad,11/24/2019 22:14,May Allah be your guidance as‚Ä¶
592,Segun | Your Literacy Plug,11/24/2019 20:23,Npower help us help students. This issue of non payment is unbearable
593,isa ibn umar,11/24/2019 20:20,No I don't and that's the what I want to know if possible
594,Olubunmi joseph Abiri,11/24/2019 19:36,Npower you are treating us bad with the delay of stipends payment. Naija
595,SB9ne,11/24/2019 19:12,what is the real cause of October stipend delay sir ? The delay is unbearable
596,Nett Stark,11/24/2019 18:35,Is she also in charge of _ng? Abi she still de vex?
597,Costus spectabilis,11/24/2019 18:11,2  _interior Npower     1‚Ä¶
598,Segun | Your Literacy Plug,11/24/2019 17:11,8135498533  _ng  _akin1     ‚Ä¶ 
599,Joshua Adinoyi,11/24/2019 16:38,Npower  _akin1     ‚Ä¶
600,horluwaseyi anuoluwa,11/24/2019 14:45,Npower Please sir we have not been paid October stipend. It is not fair oh
601,horluwaseyi anuoluwa,11/24/2019 14:39,please can you help us look into it on why the stipend for the month of October is yet to be paid. Thanks.
602,Bright,11/24/2019 14:07,Remembered the soothsayer message to Caesar..beware..this is a trap to deny u permanency.. Advicenoprotest
603,Babbage,11/24/2019 14:04,"Npower Looks like someone put our stipends in a fixed deposit account for another 31days, So it will yield plenty. This is wickedness oh"
604,Abdulrahman,11/24/2019 13:44,"Npower we are humans, we didn't deserve to be treated as animals. If u no longer need our services tell us instantly. it is getting worse"
605,Segun | Your Literacy Plug,11/24/2019 12:09,"Transfer of 500,000 _ng volunteers to , alas it gets worse. And of course it can't take you forever‚Ä¶ "
606,Segun | Your Literacy Plug,11/24/2019 12:08,"Dear , My name is Segun Abiri, I am  Npower teacher in Abuja . Today is 24th November, and none about our stipends. This totally unfair"
607,usman kayode,11/24/2019 11:56,"Npower we don‚Äôt know who to complain to again, all na to just pray and hope on God intervention. You people are treating us unfairly"
608,Repented Servant,11/24/2019 11:40,"""We"" that keep expecting something good from this shitty government ü§∑‚Äç‚ôÇÔ∏è"
609,Crown,11/24/2019 11:16,Npower  please  sirs what's delay our stipend.Please to be cruel to us we have family to feed oh.
610,Repented Servant,11/24/2019 10:28,_Saddiq We are suffering down here Npower
611,Adams Garba,11/24/2019 9:43,1_Official @_fateemahgee     _ng That's the truth of the m‚Ä¶
612,Bulama Muh'd Bukar,11/24/2019 9:40,"4u @_fateemahgee     _ng For my own observation, ba‚Ä¶"
613,Sa'idu Abdulrahaman.üíª‚úçüåç,11/24/2019 9:21,When _ng  Voluntter Expecting Salary Alert
614,Adams Garba,11/24/2019 9:11,1_Official fateemahgee     _ng date
615,Shola Amaju,11/24/2019 9:03,Oya Goan kill dem na... Rubbish.go and hustle o... Before u start looking for where to steal
616,Olayinka Ishola,11/24/2019 8:54,Npower see what you causedüòÇüòÇüòÇüòÇüòÇüòÇ
617,JavaScripted üá≥üá¨,11/24/2019 7:15,"Mr Akulllah, I am interested in seeing how you would integrate a server side feature to your project. I trust you w‚Ä¶"
618,Mubarak Abu-Firdaus,11/24/2019 5:44,This Npower issue is getting out of hand. The little N600 you give beneficiaries daily for feeding and other upkeep is not seen again oh.
619,Npowerites,11/24/2019 5:06,"Dear _ng, A single line of communiqu√© will help us get out of this darkness. Communiqu√© please!"
620,Mal. Aminu Jamfalan,11/24/2019 5:05,M  _nyam _MBIT  5‚Ä¶
621,OYEWUMI OYEWOLE,11/24/2019 0:04,"why the silence over the October payment and now coming to November ending, is their any assurance to payment. This is painful"
622,8064275723,11/23/2019 23:38,I feel it is just  morally right to update the beneficiaries about status of their monthly stipend. This delay is getting worse.
623,Ochigbo .P. Angus,11/23/2019 20:53,Npower yet to pay October Stipend to Volunteers.. Volunteers are starving..
624,sunny nicholas,11/23/2019 20:04,Npower would you be paying oct/Nov stipend together? we cannot starve to death
625,AdeyemiOluwaseun,11/23/2019 19:38,"Npower please what is the problem with payment? It has never been delayed for this long before. It the programme closing"
626,Bamidele Timothy A,11/23/2019 19:36,I want to believe the Npower beneficiaries now know that they have served the purpose why  allowed‚Ä¶
627,lawal abdulganiyu,11/23/2019 19:27,"Npower I am delighted to tweet u this text. In regards to our October stipend, I am appealing that somebody should answer. this is a problem to us"
628,Aker Palegh,11/23/2019 18:13,Npower Maybe bad luck dey
629,NPOWER ENHANCEMENT (THEY CALL IT),11/23/2019 17:01,Npower  Travesty
630,Just Prime,11/23/2019 16:33,"The absence of communication in regards to the delay in the October stipend is worse than the deferment itself, in‚Ä¶ "
631,adefunke2 Lawal,11/23/2019 15:45,Npower pay our stipend. We are not slave
632,Bukola Wahab,11/23/2019 15:36,Victoria an NPowerTech software trainee tells us what she has learnt so far from N-Tech Software Progra‚Ä¶
633,Semudara olaoluwa D,11/23/2019 14:50,"Npower Well done oo, please kindly give us update on our delayed stipend.. several info are just flying around. we are tired of this"
634,chima anuebunwa,11/23/2019 14:09,"pls what is happening to our October stipend? This is unfair to us, When r we going to receive our October stipend?"
635,austine nwaozuzu,11/23/2019 13:39,Then if that's not hustle what is it.Just dishing out a reply to get few like.cooow
636,Muh'd Faisal Munir,11/23/2019 13:06,Npower We are now expecting two months stipend from you (October and November) pls pay us our stipends this coming week Npower please don't disappoint us
637,iTOTx,11/23/2019 12:42,"Npower Please any update on the  delayed allowance of October 2019?"
638,Akinbola R T.,11/23/2019 12:32,It becomes heartless when no one is telling us why this is happening. _ng and  today is 23rd of Novem‚Ä¶ 
639,Ogwuche Andrew Thomas,11/23/2019 11:32,My friend go Hustle.
640,Ogwuche Andrew Thomas,11/23/2019 11:31,They are indirectly telling you to return to the farm and you are there complaining. Time waster
641,adeda,11/23/2019 10:57,"Oluwastosin Fatunmbi is a Zoologist by training from Oyo State.  When asked why he chose to study websi‚Ä¶"
642,adeda,11/23/2019 10:54,Victoria Okpo an Npower Software development training beneficiary tells us what she has learnt so far from N-Te‚Ä¶
643,PATRIOT,11/23/2019 10:51,Oluwastosin Fatunmbi is an exceptional NPowerTech Trainee. He is a Zoologist by training and he hails f‚Ä¶
644,Ibrahim M,11/23/2019 10:26,"Npower is N30,000 free money? how much is their aides eating free everymonths, their AIDE‚Ä¶"
645,Unegbu Richard,11/23/2019 10:19,Npower what is happening?
646,Mustapha Sule,11/23/2019 9:44,"  Please Sir, when will _ng  beneficiaries receive there October Stipend üò©, people are hungry."
647,Odumosu Oluwaseun,11/23/2019 8:15,_ng what is the main reason why volunteers October stipend is yet to be paid . This is very unfair
648,U.M.AVYOKO,11/23/2019 7:18,This is _ng 
649,Œ∑Œ±‚Äé◊†—î—î–≤ —ÉœÖŒ∑œÖ—ïŒ±,11/23/2019 6:16,Npower _ng Same here CodeNewbie
650,Sulaimon Abayomi Akanbi,11/23/2019 6:03,The absence of communication in regards to the delay in the October stipend is worse than the deferment‚Ä¶
651,Idoko ibrahim joseph,11/23/2019 5:29,"What is happening to Npower? Say something, October stipend is yet to be paid till date and no any statement. This is bad oh"
652,Albert Jr. Akpobowei,11/23/2019 5:01,Like they care. U will be termed a wailer at the end of it
653,Annie Zrely,11/23/2019 4:57,"Please  sir, we have not been paid October stipend. We are very hungry. Do you want us to starve to death"
654,Annie Zrely,11/23/2019 4:51,"Npower Has the Npower scheme been terminated? Let us know, please. This delay of payment does not make sense anymore."
655,Mikeobi,11/23/2019 4:27,"NpowerGod of the Poor Nigerians..We look up to th we Lord..  Now I understand VP Osibanjo is such a honest man.."
656,Mikeobi,11/23/2019 4:25,This new ministry is like falling from frying pan to fire ooo
657,Mikeobi,11/23/2019 4:24,"Npower Afolabi, Has suddenly gone low key, nothing like information from him."
658,Mikeobi,11/23/2019 4:23,"Npower, should we keep on waiting for the next level or just give up.. What on earth is delaying our stipends? Nonsense"
659,shehu Nasiru Muhamma,11/23/2019 4:07,"Npower Congratulations, . We are proud of you"
660,Amedu Danjuma,11/23/2019 2:22,I want to thank my trainners for this great achievement as web developer
661,ŸÖÿ≠ŸÖÿØ ÿ≥ÿπŸäÿØ ÿ•ÿ®ÿ±ÿß ŸáŸäŸÖ üìö,11/22/2019 22:59,Am telling youüòÜüòÜ
662,Moh Malaüê¶,11/22/2019 22:58,Npower Beneficiaries cannot . Rescue them
663,ŸÖÿ≠ŸÖÿØ ÿ≥ÿπŸäÿØ ÿ•ÿ®ÿ±ÿß ŸáŸäŸÖ üìö,11/22/2019 22:54,Come and settle my people ooo Haba  Npower
664,Obasi Carlistus,11/22/2019 22:25,Pls I have been trying to log in but isn't working _ng
665,Bolarinwa Kabir,11/22/2019 21:38,"Npower You people are cruel, till this moment, you have not given all the npower beneficiaries the stipends of october"
666,OLUGBADE I. A,11/22/2019 20:20,"Npower when are you people paying our October stipend? You promised to pay 8days ago,  till today nothing from you"
667,Peace,11/22/2019 20:10,Npower  When are we going to be paid October /November salary
668,Abdussalam,11/22/2019 19:40,Npower  dont delay our stipend again
669,Tajudeen.,11/22/2019 19:24,Real economic development not the Oil boom economy recorded under PDP.
670,Blue Bright,11/22/2019 19:14,Npower pay beneficiaries their October stipend. It's over due üò≠üò≠.
671,Teebike....,11/22/2019 18:44,"Aunty  our stipend for October as not been paid , am a volunteer‚Ä¶"
672,ibrerheem üá∫üá≤üá≥üá¨,11/22/2019 18:42,"The ground belongs to justice, kindness, selflessness services, keeping promises. -Npower"
673,jekowa,11/22/2019 18:27,"Npower Good day, we thank God for keeping us till date, we also thank for Nigeria as a whole and also appreci‚Ä¶"
674,Salamatu,11/22/2019 17:55,Pls pay Npower beneficiaries there stipend or better still pls tell us if you don't want to pay. Don't treat us unfaily
675,Taurusapril,11/22/2019 17:43,"after election ended  Npower no longer address the beneficiaries,  on Facebook live chat afte‚Ä¶"
676,Hussain Hassan,11/22/2019 17:36,"yes! I'll only stop learning when life stop teaching, stop giving when I stop receiving.  Sharing knowledge means something to me"
677,Costus spectabilis,11/22/2019 17:15,"Chai Naija, I don tire"
678,Ogunlana segun,11/22/2019 16:40,No ooo! We are hearing stories that the new ministry is still collating and veri‚Ä¶
679,Adetoro Adebola,11/22/2019 16:23,Npower not even a message about the delay in payment so unfair
680,Igslowz,11/22/2019 16:19,Npower keeping beneficiaries of the program in the dark on the happenings concerning the program is totally unjust and unfair
681,Igslowz,11/22/2019 16:07,please the beneficiaries of this program deserve honest explanation over the delay of October payment .‚Ä¶
682,Arakonism Ekpangson,11/22/2019 16:01,not at all
683,Beatrice Olofu,11/22/2019 14:53,"Npower Good afternoon, for over 4 months, after I was assured that my 16 months backlog has been processed, till now I have not seen it. This is crazy!!!"
684,MICHAEL YOUNG,11/22/2019 14:53,Npower  Done sir
685,Regina ifeoma,11/22/2019 14:43,it is quite unfortunate that by now  October stipends have not been paid and November ends by next week‚Ä¶ This is tragic
686,Bashir Abdul,11/22/2019 14:25,We are proud of you guys too and we are welcoming you to the Tech Industry-Npower
687,klef,11/22/2019 14:19,"NpowerTech   INSERT INTO front_back VALUES(""Thank you for the energy you‚Ä¶ "
688,oko Anthony Agwu,11/22/2019 14:10,Hahaha npower and cross River state government are jockers
689,Demlex,11/22/2019 14:08,wish someone can just come out and let's us know what's going on instead of dying in silent
690,adeda,11/22/2019 14:07,Hassan Audu from Yobe State promises to use what he learnt from NPowerTech Software Program ro help his community - Npower
691,abubakar Sadiq,11/22/2019 13:54,Please forgive us if we offended you as today marked 22 of November but still there is no stipends
692,NPOWER ENHANCEMENT (THEY CALL IT),11/22/2019 13:42,"Npower I like your admission but let me tell you dis, when govt give their backs for us‚Ä¶"
693,Mr All Weather üå•,11/22/2019 13:33,Npower Every nonsense is possible under this useless government.
694,Afenukan Ushie Odey,11/22/2019 13:23,Npower Pay October Stipend! It's not getting funny.. what's the way forward We are tired
695,Mr All Weather üå•,11/22/2019 13:16,"Dear Npower beneficiaries, your stipend has been hijacked by the powerful cabals. The change thieves are still thieves‚Ä¶"
696,Bukola Wahab,11/22/2019 12:49,NPowerTech software trainees organized a 5 aside football match in camp in other not to make the camp
697,Bukola Wahab,11/22/2019 12:47,Hassan an NPowerTech software trainee from Yobe State promises to use what he has learnt from N-Tech So‚Ä¶
698,EKITIKAN,11/22/2019 12:10,People like you are benefiting and your family too but will deny it in public.‚Ä¶
699,EKITIKAN,11/22/2019 12:06,Moni Please go back and read
700,At√≥bat√©l√® 1,11/22/2019 12:04,"NSIP. Trader moni. n power, all poverty multiplying policies.  Now I know -Moni"
701,At√≥bat√©l√® 1,11/22/2019 12:00,"Moni  You asked for policies. I won't answer you again after this, since you‚Ä¶"
702,Wisdom Uchendu,11/22/2019 12:00,"His excellences,    , please are u aware that Npower  has not paid there worker's‚Ä¶"
703,austine nwaozuzu,11/22/2019 12:00,"Today is 22nd of November,still there's no payment of stipends"
704,Abubakar Shuaibu,11/22/2019 11:49,Why all this delay for our allowance for October. This is totally unfair to beneficiaries.
705,Raji,11/22/2019 11:48,I think u are right! I'm fearful because I don't know the right questions to ask our employer
706,Abubakar Shuaibu,11/22/2019 11:46,Up-to now our October allowance today is 53 days oooh I am tired of this oh
707,Bolu,11/22/2019 11:32,NPowerTech Football Competition Update: A football match was organised in the camp inother not to make the camp a‚Ä¶ 
708,Kunle Adediran,11/22/2019 11:30,NPowerTech Football Competition Update: A football match was organised in the camp inother not to make the camp a‚Ä¶ 
709,PATRIOT,11/22/2019 11:29,NPowerTech software trainees organized a 5 aside football match in camp in other not to make the camp d‚Ä¶
710,PATRIOT,11/22/2019 11:27,Hassan an _ng NPowerTech software trainee from Yobe State promises to use what he has learnt from N-Tech So‚Ä¶ 
711,Kunle Adediran,11/22/2019 11:20,NPowerTech Football Competition Update: A football match was organised in the camp inother not to make the camp a‚Ä¶ 
712,The OverLord Queen Herself,11/22/2019 11:16,NPowerTech youth engagement via a football match organised in the camp in other not to make the camp a dull place‚Ä¶
713,Pres. Muhammad Buhari C.S,11/22/2019 11:10,"Npower Hello and good afternoon, please what's up with the October payment??? Any reason why participants haven't been paid?"
714,JKusadaüî¥,11/22/2019 11:05,Npower pay us now!!!
715,"Taye Paul Olubayo, MFR",11/22/2019 11:05,NPowerTech Football Competition Update: A football match was organised in the camp inother not to make the camp a‚Ä¶
716,Zainul Abidina Aliyu,11/22/2019 10:11,Npower Please what is exactly delaying our stipend
717,Hajia Adijat,11/22/2019 9:48,Npower officials should please clear the air on the delayed stipend. It is very important. This is really unfair to usüôèüôèüôèüôè pleeeaaassee.
718,Ogundare Oluwaseyi s,11/22/2019 9:29,D message hit hard on me that's d reason why I used it.I didn't ring d error on it. When 're‚Ä¶
719,Sammy Adex,11/22/2019 9:21,Npower   Pay us our october stipend then?
720,ONI GBENGA,11/22/2019 9:18,Morning sir. Pls I want to bring this to ur notice sir that we have not being paid October‚Ä¶ Dont suffer this plight
721,OJ. Yahaya #SDGsüí¶üåçüíßüèû,11/22/2019 9:04,"Children enjoy seeing each other taking great steps and they see a win for one as a win for all."
722,Odugbesan Olusegun,11/22/2019 8:53,Npower  Its very sad seeing the way u people treated npower beneficiaries. Today is 22nd in the month of Novemeber
723,EKITIKAN,11/22/2019 8:48,"I never said OBJ ooo.  Atiku (you have nothing to say) : Osinbajo  NSIP Moni  CCT,‚Ä¶"
724,Friday Joshua,11/22/2019 8:46,Npower I want to use this Opportunity to thank the F.G for creating N-Power by taking our Youths of the Street. But pay us please
725,SAGE Global Response,11/22/2019 8:37,"Hassan from Yobe State, a beneficiary of the N-Tech Software Programme, says he will use the skills he has learnt f‚Ä¶"
726,tonex,11/22/2019 8:20,Npower when are we getting our stipend ma.. It wasn't so with the Vice President.. Do we have to be punished for our services?
727,Bellow Denniz,11/22/2019 8:03,Ok dey do am dey go.
728,Esther Williams,11/22/2019 8:01,"Npower Pay Our October Stipend  Kindly look into the plight of the beneficiaries of this program"
729,emmacorp,11/22/2019 7:16,Behold npower has abandoned us ooo we are finishe
730,amDarasat,11/22/2019 7:00,Npower Please when will the next registration for n-power build begin
731,Anthony Sarki,11/22/2019 6:56,Npower Very disappointed on you guys
732,Anthony Sarki,11/22/2019 6:55,Npower  We're very disappointed on u guys
733,Jose',11/22/2019 6:55,Npower pay our October stipend pay our money. don't treat us unfairly
734,Jose',11/22/2019 6:54,pay out October salary npower pay our oct salary
735,Hamid,11/22/2019 6:52,"NPower program have been hijacked by Cabals in the presidency, the miserable stipend can not be paid again . Corrupt men"
736,Saifullahi Aliyu,11/22/2019 6:47,NPOWER beneficiaries are yet to receive there October stipend. farouq
737,Michael,11/22/2019 6:23," _ng Which was used as a tool to won, imagine"
738,Michael,11/22/2019 6:22,"Npower Blunders, u better don't allow them to see this, if not u are a gunner"
739,Eigengrau,11/22/2019 6:14,"I wonder why a supposedly enlightened person, will, for once, think this gov't has disappoint citizens"
740,Deji,11/22/2019 6:04,Npower So they haven't paid your October allowance yet?
741,Emmanuel Isama,11/22/2019 6:04,The unbelievable truth is that Govt is tired of paying Npower and is now looking for a way to avoid beneficiaries
742,Blackmentor,11/22/2019 4:39,"Npower Please, what is the status of October stipend for your volunteers? Good morning."
743,Okwuonu Eziaku,11/22/2019 4:37,Npower when will the site be opened for new intake?
744,Teehay decency,11/22/2019 3:45,Npower goodday..there has been  silence on dis platform for a while now..can u pls let us knw our fate on dis program + our Oct stipend.
745,Austin Okai,11/22/2019 2:26,I wish you see this tweet your excellency. No beneficiaries haven't been paid their October stipends
746,Hamza yusuf,11/21/2019 23:35,Dear  Npower team please üôè what happen to our october stipend?
747,Emeka Sanko,11/21/2019 22:47,Sir why have you people refused to pay me my 5months backlogs despite been clarified by‚Ä¶
748,Ogunlana segun,11/21/2019 22:19,"When  Npower was under , we hardly hear stories but just less than a month under a whole ministry,‚Ä¶"
749,Yakubu David,11/21/2019 22:17,Moved away from him? A ministry is being created to take charge of it to loot beneficiaries stipend
750,Zakari Shittu,11/21/2019 22:13,"Oga Bash, wetin fit dey happen nau? Today na 51/10/2019 n October stipend ve not being paid. This is bad oh"
751,Zakari Shittu,11/21/2019 22:06,"Oga at the top, by my calendar, today is 51/10/2919 n October stipend is over delayed"
752,Multispace technology,11/21/2019 21:18,"Npower Pay Our October Stipend . Sir I Have worked and getting to two month‚Ä¶"
753,Ogundare Oluwaseyi s,11/21/2019 21:11,Npower which way na?October stipend nothing comot
754,mgbada Theophilus,11/21/2019 21:07,"Goodday npower, can you guys be kind to tell us what is our faith"
755,Afu Dimkpaüá≥üá¨üá®üá¶,11/21/2019 20:52,Dear  Npower kindly put the Nigerian youths out of their miseries by tellin‚Ä¶
756,Unegbu Richard,11/21/2019 20:48,"Npower Good evening Please what is going on?"
757,Anietimfon Effiong,11/21/2019 20:30,Dear handlers of Npower is this program coming to an end this month? Please if yes infor‚Ä¶
758,Michael Best,11/21/2019 20:16,Npower   Pay  Npower volunteers their October stipend
759,ADE,11/21/2019 19:43,Npower any explanation on the delay for October stipends?
760,Ubon Ekanem,11/21/2019 19:42,"Please what is the issue with the Npower, the beneficiaries hasn't been paid October stipends till now."
761,Balogun Olanrewaju,11/21/2019 19:40,"sirs, I'd like to inform you that the movement of Npower to a ministry is a form of corruption"
762,jibrin yahaya,11/21/2019 19:23,"Npower he doesnt make sense to disengage us without better option...  we want permanency"
763,Echezonadike,11/21/2019 19:02,I am still perplexed at how some people I respect so much have stooped so low because of money. During t‚Ä¶
764,ùêîùê¨ùê¶ùêöùêç.. ùêÅùêûùê•ùê•ùêé.. ùêÄùê°ùê¶ùêöùêÉ..‚Ñ¢,11/21/2019 18:59,Npower dead stipend delayed!!!!! üòÇüòÇ
765,chinonso prince,11/21/2019 18:41,"_ng We are still waiting ,we are hungry, Is Npower dead"
766,Echezonadike,11/21/2019 18:30,Npower poor you guys!!!  I am still surprised at some of you who think that Npower will be revived again. Npower is dead forever;‚Ä¶
767,ajoke popoola,11/21/2019 18:29,NpowerPay our stipends... we are not slaves or beggars... we have worked and we deserve to be given our wages.‚Ä¶  dont be mean to us
768,Sidiq Shola,11/21/2019 18:26,Tell them to pay the poor youths their meagre called stipends. Pay Npower beneficiary their entitlements. This is too poor of you guys
769,Samseg,11/21/2019 18:09,Npower.. Pls consider the youths under the Npower scheme. Don't frustrate our life
770,ùî∏ùïìùïìùïí ùïìùï£ùïíùïöùïû,11/21/2019 18:07,npower teacher.
771,Yahaya Wada,11/21/2019 18:01,_RidwanJayeola  _ng If you don't know that the Social Investment Programme is no longer under working the you are wasting time
772,Dan Jikan Kebbi,11/21/2019 17:45,Npower non payment of stipend is wickedness
773,Afenukan Ushie Odey,11/21/2019 17:43,The least Npower can do at this time is to release an official statement about delay of stipend payment
774,"QS Ogundeji, S. A.",11/21/2019 17:43,Stop being sarcastic...Did they pay Christians when Muslims were not paid duriing ...
775,"QS Ogundeji, S. A.",11/21/2019 17:35,"Npower Please, what's going wrong with Npower....you withheld our October stipend with no genuine reason. Why na‚Ä¶"
776,"QS Ogundeji, S. A.",11/21/2019 17:33,"Please, what's going wrong with Npower....you withheld our October stipend with no genuine reason. This is wickedness"
777,Ese Ogheneüëëüåü,11/21/2019 17:18,Npower What is happening to stipend? This is not fair
778,Ayuba Liman,11/21/2019 16:39,Please what happen to our monthly stipend... Today is 21st but last month stipend didn't come?
